{
  "assets": {
    "uris": {
      "scheduler-zip":"http://10.203.241.151:7878/cassandra_frameworks/scheduler.zip",
      "executor-zip":"http://10.203.241.151:7878/cassandra_frameworks/executor.zip",
      "jre-tar-gz":"http://10.203.241.151:7878/cassandra_frameworks/server-jre-8u111-linux-x64.tar.gz",
      "apache-cassandra-bin-tar-gz":"http://10.203.241.151:7878/cassandra_frameworks/apache-cassandra-3.9-bin.tar.gz",
      "libmesos-bundle-tar-gz": "http://10.203.241.151:7878/cassandra_frameworks/libmesos-bundle-1.8.7-1.0.2.tar.gz"
    }
  },
  "images": {
    "icon-small": "http://10.203.241.151:7878/cassandra_frameworks/cassandra-small.png",
    "icon-medium": "http://10.203.241.151:7878/cassandra_frameworks/cassandra-medium.png",
    "icon-large": "http://10.203.241.151:7878/cassandra_frameworks/cassandra-large.png"
  },
  "cli":{
    "binaries":{
      "darwin":{
        "x86-64":{
          "contentHash":[ { "algo":"sha256", "value":"b4041b1fe75ed4156abbc452ea5aed6f0b880c5d6e6429037002897ebd2573c6" } ],
          "kind":"executable",
          "url":"http://10.203.241.151:7878/cassandra_frameworks/dcos-cassandra-darwin"
        }
      },
      "linux":{
        "x86-64":{
          "contentHash":[ { "algo":"sha256", "value":"ea48c1afcf2d887cd09366a8cd9e6641ada80e8ab34f09790916512e73af4e92" } ],
          "kind":"executable",
          "url":"http://10.203.241.151:7878/cassandra_frameworks/dcos-cassandra-linux"
        }
      }
    }
  }
}
